product_url	concept_label	lead_domain	sum_countActive	distinct_sellers	max_days	top_started	price	countries	n_ad_records
https://wanderprints.com/tra001mar001-fbf	Adorable Custom Shaped Pillow For You	great-family-shop.myshopify.com	1	1	1042	2023-09-27	24.99	US,CA,AU	1
https://wanderprints.com/products/you-were-my-favorite-hello-and-hardest-goodbye-christmas-memorial-gift-personalized-custom-shaped-acrylic-ornament	you were my favorite hello and hardest goodbye	great-family-shop.myshopify.com	5	1	1042	2023-09-27	17.95	US,AU,CA	1
https://wanderprints.com/products/christmas-congrats-on-being-my-bestie-gift-for-bestie-personalized-custom-shaped-acrylic-ornament	christmas congrats on being my bestie gift for	great-family-shop.myshopify.com	5	1	1021	2023-10-18	17.95	US	1
https://wanderprints.com/products/you-and-me-and-the-cats-gift-for-cat-lovers-personalized-pillow	you and me and the cats gift for	great-family-shop.myshopify.com	5	1	1020	2023-10-19	25.95	US	1
https://wanderprints.com/products/10-reasons-why-you-are-my-bestie-holiday-birthday-loving-gift-for-friends-colleagues-personalized-fleece-blanket	10 reasons why you are my bestie holiday	great-family-shop.myshopify.com	9	1	1020	2023-10-19	39.95	CA,AU,US	2
https://wanderprints.com/products/christmas-couple-back-side-you-are-my-favorite-by-far-gift-for-couples-personalized-circle-ceramic-ornament	christmas couple back side you are my favorite	great-family-shop.myshopify.com	6	1	1020	2023-10-19	18.95	AU,CA,US	1
https://wanderprints.com/products/best-dog-mom-ever-christmas-gift-gift-for-dog-lovers-dog-mom-dog-dad-pet-lovers-personalized-unisex-ugly-sweater	best dog mom ever christmas gift gift for	great-family-shop.myshopify.com	9	1	1019	2023-10-20	32.95	AU,US,CA	1
https://wanderprints.com/products/meowy-catmas-funny-cartoon-cats-christmas-gift-for-cat-lovers-cat-moms-cat-dads-personalized-unisex-ugly-sweater	meowy catmas funny cartoon cats christmas gift for	great-family-shop.myshopify.com	7	1	1019	2023-10-20	29.95	CA,AU,US	1
https://wanderprints.com/products/custom-photo-feliz-navidog-christmas-gift-for-dog-lovers-cat-lovers-personalized-unisex-ugly-sweater	custom photo feliz navidog christmas gift for dog	great-family-shop.myshopify.com	5	1	1016	2023-10-23	29.95	AU,CA,US	1
https://wanderprints.com/products/granddaughter-unicorn-hug-this-soft-pillow-gift-for-kids-personalized-pillow	granddaughter unicorn hug this soft pillow gift for	great-family-shop.myshopify.com	7	1	1012	2023-10-27	25.95	US,AU,CA	1
https://wanderprints.com/products/grandma-mother-hugged-this-soft-blanket-gift-for-granddaughter-grandson-kids-personalized-fleece-blanket	grandma mother hugged this soft blanket gift for	great-family-shop.myshopify.com	5	1	1012	2023-10-27	37.95	CA,AU,US	1
https://wanderprints.com/products/10-reasons-why-you-are-my-bestie-holiday-birthday-loving-gift-for-friends-colleagues-personalized-pillow	10 reasons why you are my bestie holiday	great-family-shop.myshopify.com	1	1	1007	2023-11-01	25.95	CA,AU,US	1
https://wanderprints.com/products/custom-photo-funny-pet-face-best-dog-mom-ever-christmas-gift-gift-for-dog-lovers-dog-mom-dog-dad-pet-lovers-personalized-unisex-ugly-sweater	custom photo funny pet face best dog mom	great-family-shop.myshopify.com	5	1	1007	2023-11-01	32.95	AU,US	1
https://wanderprints.com/ts299nah2720-fbf	Custom Photo Heart-Shaped Pillow for Pet Lovers	great-family-shop.myshopify.com	1	1	1001	2023-11-07	27.95	US	1
https://wanderprints.com/products/a-bond-that-cant-be-broken-gift-for-cat-lovers-cat-mom-cat-dad-personalized-mug	a bond that cant be broken gift for	great-family-shop.myshopify.com	2	1	971	2023-12-07	21.95	US	2
https://wanderprints.com/products/hope-you-brought-alcohol-and-dog-treats-couple-husband-wife-backyard-sign-personalized-custom-classic-metal-signs	hope you brought alcohol and dog treats couple	great-family-shop.myshopify.com	1	1	950	2023-12-28	29.95	US	1
https://wanderprints.com/products/this-awesome-mommy-daddy-belongs-to-birthday-loving-gift-for-mother-father-grandma-grandpa-personalized-40oz-tumbler-with-straw	this awesome mommy daddy belongs to birthday loving	great-family-shop.myshopify.com	3	1	944	2024-01-03	39.95	US	1
https://wanderprints.com/products/custom-photo-ill-carry-you-memorial-gift-for-family-siblings-friends-dog-lovers-cat-lovers-personalized-engraved-bracelet	custom photo ill carry you memorial gift for	great-family-shop.myshopify.com	3	1	927	2024-01-20	21.95	AU,CA,US	1
https://wanderprints.com/products/custom-photo-now-you-can-carry-me-too-gift-for-dad-father-new-parents-personalized-aluminum-wallet-card	custom photo now you can carry me too	great-family-shop.myshopify.com	3	1	927	2024-01-20	19.99	AU,CA,US	1
https://wanderprints.com/products/custom-photo-your-loved-ones-gift-for-couples-family-bff-best-friends-besties-personalized-clear-phone-case	custom photo your loved ones gift for couples	great-family-shop.myshopify.com	1	1	922	2024-01-25	21.95	US,CA	1
https://wanderprints.com/products/a-piece-of-my-heart-is-at-the-rainbow-bridge-pet-memorial-gift-personalized-acrylic-car-hanger	a piece of my heart is at the	great-family-shop.myshopify.com	1	1	909	2024-02-07	18.95	CA,US,AU	1
https://wanderprints.com/products/moms-grandmas-sweethearts-gift-for-mother-grandmother-personalized-t-shirt	moms grandmas sweethearts gift for mother grandmother personalized	great-family-shop.myshopify.com	3	1	909	2024-02-07	24.99	AU,US	1
https://wanderprints.com/ah590hal1990-fbf	Memorial Gift For Pet Parents	great-family-shop.myshopify.com	4	1	881	2024-03-06	29.95	US,CA	1
https://wanderprints.com/products/personalized-family-old-couple-when-we-get-customized-poster	personalized family old couple when we get customized	great-family-shop.myshopify.com	2	1	880	2024-03-07	19.99	AU,US,CA	1
https://wanderprints.com/tr160ele2964-fbf	Heartfelt Gift For Mama Bear	great-family-shop.myshopify.com	1	1	880	2024-03-07	27.99	AU,US,CA	1
https://wanderprints.com/bt061hel911	shortcode:bt061hel911	great-family-shop.myshopify.com	6	1	879	2024-03-08	39.95	CA,US,AU	2
https://wanderprints.com/nn399ngo2075-fbf	Perfect Gift For Nurse	great-family-shop.myshopify.com	5	1	872	2024-03-15	18.95	US,CA	1
https://wanderprints.com/products/hand-in-hand-i-will-always-protect-you-birthday-loving-gift-for-mom-dad-grandma-grandpa-personalized-white-edge-to-edge-mug	hand in hand i will always protect you	great-family-shop.myshopify.com	1	1	871	2024-03-16	20.99	AU,US	1
https://wanderprints.com/products/custom-photo-if-found-return-to-this-guy-gift-for-dad-father-grandpa-golfer-golf-lover-personalized-golf-ball	custom photo if found return to this guy	great-family-shop.myshopify.com	1	1	866	2024-03-21	16.95	AU,US,CA	1
https://wanderprints.com/products/proud-father-of-a-few-funny-gift-for-dad-father-grandpa-personalized-t-shirt	proud father of a few funny gift for	great-family-shop.myshopify.com	1	1	861	2024-03-26	24.99	CA,US	1
https://wanderprints.com/ta361ele2901-fbf	Beautiful Gift For Mom And Grandma	great-family-shop.myshopify.com	10	1	861	2024-03-26	22.95	US	2
https://wanderprints.com/tr171hal2056-fbf	Thoughtful Gift For Mom	great-family-shop.myshopify.com	10	1	861	2024-03-26	20.99	AU,US	2
https://wanderprints.com/products/if-love-could-have-saved-you-memorial-gift-for-pet-lovers-dog-mom-dog-dad-cat-mom-cat-dad-personalized-acrylic-car-hanger	if love could have saved you memorial gift	great-family-shop.myshopify.com	3	1	861	2024-03-26	19.95	US,AU	1
https://wanderprints.com/products/to-my-granddaughter-gift-for-granddaughter-grandparents-gift-personalized-pillow	to my granddaughter gift for granddaughter grandparents gift	great-family-shop.myshopify.com	1	1	860	2024-03-27	25.95	US,AU,CA	1
https://wanderprints.com/products/dear-mom-great-job-we-re-awesome-thank-you-young-birthday-loving-gift-for-mother-grandma-grandmother-personalized-custom-t-shirt	dear mom great job we re awesome thank	great-family-shop.myshopify.com	3	1	859	2024-03-28	24.99	AU,US,CA	1
https://wanderprints.com/products/no-returns-or-refunds-chibi-grandkids-funny-gift-for-dad-mom-grandma-grandpa-personalized-mug	no returns or refunds chibi grandkids funny gift	great-family-shop.myshopify.com	3	1	851	2024-04-05	19.99	US	1
https://wanderprints.com/na345hel975-fbr	shortcode:na345hel975-fbr	great-family-shop.myshopify.com	1	1	850	2024-04-06	21.95	US	1
https://wanderprints.com/collections/pet-lovers	Wander Prints Home Decor	great-family-shop.myshopify.com	2	1	844	2024-04-12		US,CA,AU	1
https://wanderprints.com/products/moms-grandmas-sweethearts-gift-for-mother-grandmother-personalized-leather-bag	moms grandmas sweethearts gift for mother grandmother personalized	great-family-shop.myshopify.com	1	1	832	2024-04-24	45.95	CA,US,AU	1
https://wanderprints.com/products/the-legend-has-retired-vintage-retirement-gift-for-beach-lovers-dad-mom-grandpa-grandma-personalized-t-shirt	the legend has retired vintage retirement gift for	great-family-shop.myshopify.com	1	1	823	2024-05-03	24.99	US,CA	1
https://wanderprints.com/products/dad-every-poo-i-do-personalized-mug-tr240nah3414	dad every poo i do personalized mug	great-family-shop.myshopify.com	1	1	819	2024-05-07	21.95	US,AU,CA	1
https://wanderprints.com/products/a-man-and-his-dog-a-bond-that-cant-be-broken-personalized-window-hanging-suncatcher-ornament-ta388hal2221	a man and his dog a bond that	great-family-shop.myshopify.com	2	1	816	2024-05-10	22.95	AU,CA,US	1
https://wanderprints.com/products/paws-and-human-hand-fist-bump-best-cat-dad-ever-3d-inflated-effect-printed-mug-personalized-white-edge-to-edge-mug-nn457hel1096	paws and human hand fist bump best cat	great-family-shop.myshopify.com	1	1	816	2024-05-10	22.95	AU,CA,US	1
https://wanderprints.com/products/vintage-map-papa-title-birthday-loving-gift-for-dad-father-papa-grandpa-grandfather-personalized-custom-t-shirt	vintage map papa title birthday loving gift for	great-family-shop.myshopify.com	1	1	815	2024-05-11	24.99	CA,AU,US	1
https://wanderprints.com/products/custom-photo-drive-safe-daddy-birthday-loving-gift-for-dad-father-papa-grandpa-personalized-acrylic-car-hanger	custom photo drive safe daddy birthday loving gift	great-family-shop.myshopify.com	2	1	815	2024-05-11	19.95	CA,AU,US	1
https://wanderprints.com/products/kids-holding-dads-hand-best-papa-ever-gift-for-father-papa-grandpa-personalized-polo-shirt	kids holding dads hand best papa ever gift	great-family-shop.myshopify.com	1	1	812	2024-05-14	29.95	US,CA,AU	1
https://wanderprints.com/products/custom-photo-im-always-with-you-memorial-personalized-window-hanging-suncatcher-ornament-ak1130nah3436	custom photo im always with you memorial personalized	great-family-shop.myshopify.com	1	1	812	2024-05-14	22.95	AU,CA,US	1
https://wanderprints.com/products/memorial-always-with-you-personalized-window-hanging-suncatcher-ornament-gt481nel2311	memorial always with you personalized window hanging suncatcher	great-family-shop.myshopify.com	1	1	805	2024-05-21	22.95	US,AU,CA	1
https://wanderprints.com/products/dads-reasons-to-drink-personalized-pint-glass-at1247dil803	dads reasons to drink personalized pint glass	great-family-shop.myshopify.com	1	1	805	2024-05-21	25.95	CA,AU,US	1
https://wanderprints.com/kk896dil818	shortcode:kk896dil818	great-family-shop.myshopify.com	1	1	803	2024-05-23	29.95	AU,CA,US	1
https://wanderprints.com/products/backside-the-only-thing-better-is-watching-you-being-a-dad-personalized-mug-ts462hal2342	backside the only thing better is watching you	great-family-shop.myshopify.com	1	1	801	2024-05-25	21.95	CA,US	1
https://wanderprints.com/products/mom-grandma-kids-butterflies-leopard-pattern-gift-for-mother-grandmother-personalized-womens-sleep-tee	mom grandma kids butterflies leopard pattern gift for	wanderprints(backend-unindexed)	2	1	775	2024-06-20		AU,CA,US	1
https://wanderprints.com/products/together-since-husband-wife-couple-gift-personalized-custom-pillow	together since husband wife couple gift personalized custom	wanderprints(backend-unindexed)	2	1	775	2024-06-20		US,CA,AU,NZ	1
https://wanderprints.com/products/besties-friends-sitting-on-the-moon-personalized-window-hanging-suncatcher-ornament-fl557dil973	besties friends sitting on the moon personalized window	great-family-shop.myshopify.com	7	1	749	2024-07-16	26.95	CA,US,AU	3
https://wanderprints.com/products/grandma-and-grandkids-on-the-moon-personalized-window-hanging-suncatcher-ornament-kk924dil930	grandma and grandkids on the moon personalized window	great-family-shop.myshopify.com	1	1	601	2024-12-11	26.95	AU,US	1
https://wanderprints.com/products/dog-mom-cat-mom-dog-dad-cat-dad-personalized-window-hanging-suncatcher-ornament-ak1453nah4320	dog mom cat mom dog dad cat dad	great-family-shop.myshopify.com	1	1	585	2024-12-27	26.95	CA,US,AU	1
https://wanderprints.com/products/custom-photo-orgasm-donor-i-licked-it-so-its-mine-funny-gift-for-husband-boyfriend-personalized-mens-boxer-briefs	custom photo orgasm donor i licked it so	great-family-shop.myshopify.com	1	1	577	2025-01-04	27.95	US,CA,AU	1
https://wanderprints.com/products/mom-nana-sitting-with-children-personalized-window-hanging-suncatcher-ornament-kk1163cin3200	mom nana sitting with children personalized window hanging	great-family-shop.myshopify.com	1	1	518	2025-03-04	26.95	CA,US,AU	1
https://wanderprints.com/products/custom-photo-memorial-your-light-will-always-shine-in-my-heart-personalized-candlelight-lantern-ornament-bd1344cla442	custom photo memorial your light will always shine	great-family-shop.myshopify.com	2	1	511	2025-03-11	21.95	CA,US,AU	1
https://wanderprints.com/products/nana-auntie-mom-family-sunflower-personalized-window-hanging-suncatcher-ornament-ak1160nah3530	nana auntie mom family sunflower personalized window hanging	great-family-shop.myshopify.com	1	1	504	2025-03-18	26.95	CA,US,AU	1
https://wanderprints.com/products/mom-children-sitting-window-3d-effect-personalized-window-hanging-suncatcher-ornament-kk1183cin3263	mom children sitting window 3d effect personalized window	great-family-shop.myshopify.com	1	1	495	2025-03-27	26.95	CA,US,AU	1
https://wanderprints.com/products/custom-photo-my-hardest-goodbye-memorial-sympathy-gift-for-dog-owners-cat-lovers-personalized-pet-loss-sign-collar-frame	custom photo my hardest goodbye memorial sympathy gift	great-family-shop.myshopify.com	2	1	494	2025-03-28	33.95	CA,AU,US	1
https://wanderprints.com/products/birth-flower-grow-an-old-friend-personalized-stained-glass-window-hanging-suncatcher-fl661nel2719	birth flower grow an old friend personalized stained	great-family-shop.myshopify.com	2	1	484	2025-04-07	25.95	CA,US,AU	1
https://wanderprints.com/products/the-love-between-mother-daughters-is-forever-personalized-flameless-led-candle-kk1117dil1420	the love between mother daughters is forever personalized	great-family-shop.myshopify.com	2	1	467	2025-04-24	27.95	CA,AU,US	1
https://wanderprints.com/products/mother-daughter-son-we-love-you-mom-3d-cartoon-personalized-window-hanging-suncatcher-ornament-ts747hal3279	mother daughter son we love you mom 3d	great-family-shop.myshopify.com	3	1	466	2025-04-25	26.95	CA,US,AU	1
https://wanderprints.com/products/the-dogfather-personalized-whiskey-glass-th024cla1021	the dogfather personalized whiskey glass	great-family-shop.myshopify.com	1	1	451	2025-05-10	29.95	AU,CA,US	1
https://wanderprints.com/products/custom-photo-human-and-pet-faces-gift-for-men-women-dog-and-cat-lovers-personalized-hawaiian-shirt	custom photo human and pet faces gift for	great-family-shop.myshopify.com	1	1	451	2025-05-10	31.95	AU,CA,US	1
https://wanderprints.com/products/custom-photo-best-dad-ever-coconut-palm-personalized-hawaiian-shirt-kk890dil798	custom photo best dad ever coconut palm personalized	great-family-shop.myshopify.com	2	1	451	2025-05-10	31.95	AU,CA,US	1
https://wanderprints.com/products/grandpa-dad-kids-handprints-personalized-classic-cap-nn452hel1081	grandpa dad kids handprints personalized classic cap	great-family-shop.myshopify.com	2	1	439	2025-05-22	29.95	US,NZ,AU	1
https://wanderprints.com/products/beach-you-me-and-the-dogs-personalized-window-hanging-suncatcher-ornament-pt1627nel3004	beach you me and the dogs personalized window	great-family-shop.myshopify.com	1	1	433	2025-05-28	26.95	AU,CA,US	1
https://wanderprints.com/products/camping-you-me-and-the-dogs-3d-effect-personalized-doormat-at1679cin3445	camping you me and the dogs 3d effect	great-family-shop.myshopify.com	1	1	433	2025-05-28	31.95	CA,US	1
https://wanderprints.com/products/dog-lovers-i-woof-you-personalized-whiskey-glass-gt737cin3397	dog lovers i woof you personalized whiskey glass	great-family-shop.myshopify.com	1	1	433	2025-05-28	29.95	CA,AU,US	1
https://wanderprints.com/products/i-licked-it-so-its-mine-personalized-engraved-leather-belt-at1494cin3061	i licked it so its mine personalized engraved	wdp-us.myshopify.com	2	1	405	2025-06-25		AU,US,CA	1
https://wanderprints.com/products/making-memories-one-campsite-at-a-time-personalized-decor-decal-ak1659nah4804	making memories one campsite at a time personalized	wdp-us.myshopify.com	2	1	397	2025-07-03		CA,AU,US	2
https://wanderprints.com/collections/personalized-mugs/products/couple-i-love-you-every-day-personalized-white-edge-to-edge-mug-at2001cla2227	couple i love you every day personalized white	wdp-us.myshopify.com	1	1	155	2026-03-02		US,CA	1
https://wanderprints.com/products/brothers-a-bond-that-cant-be-broken-personalized-stemless-wine-glass-tu271dsr678	brothers a bond that cant be broken personalized	wdp-us.myshopify.com	1	1	147	2026-03-10		US	1
https://wanderprints.com/products/this-grandpa-dad-belongs-to-kids-pet-personalized-classic-cap-nv1479cla2290	this grandpa dad belongs to kids pet personalized	wdp-us.myshopify.com	1	1	147	2026-03-10		US	1
https://wanderprints.com/products/i-am-kind-i-am-smart-personalized-teddy-bear-ti297cla2549	i am kind i am smart personalized teddy	wdp-us.myshopify.com	4	1	144	2026-03-13		US,AU,CA	1
https://wanderprints.com/products/custom-photo-senior-graduation-personalized-stoles-ts754cla855	custom photo senior graduation personalized stoles	wdp-us.myshopify.com	1	1	143	2026-03-14		US	1
https://wanderprints.com/products/graduation-motivation-god-has-great-plans-for-you-personalized-ring-dish-tg298cla2478	graduation motivation god has great plans for you	wdp-us.myshopify.com	1	1	143	2026-03-14		US	1
https://wanderprints.com/products/my-favorite-peeps-call-me-grandma-personalized-womens-sleep-tee-ak1994nah5663	my favorite peeps call me grandma personalized womens	wdp-us.myshopify.com	3	1	140	2026-03-17		AU,CA,US	3
https://wanderprints.com/products/so-many-books-so-little-time-personalized-pocket-pillow-gt923cin4275	so many books so little time personalized pocket	wdp-us.myshopify.com	1	1	140	2026-03-17		CA,AU,US	1
https://wanderprints.com/products/custom-photo-she-came-she-saw-she-mastered-personalized-ring-dish-ym150ima027	custom photo she came she saw she mastered	wdp-us.myshopify.com	1	1	140	2026-03-17		AU,US	1
https://wanderprints.com/products/custom-photo-pencil-sketch-art-a-true-friendship-is-a-journey-without-an-end-personalized-crystal-globe-lamp-ts1043cla2510	custom photo pencil sketch art a true friendship	wdp-us.myshopify.com	2	1	140	2026-03-17		US	2
https://wanderprints.com/products/this-grandma-belongs-to-kids-pet-biscuits-personalized-womens-sleep-tee-kk1483nah5608	this grandma belongs to kids pet biscuits personalized	wdp-us.myshopify.com	1	1	140	2026-03-17		AU,CA,US	1
