tier,concept,recipient,brand,score_pct,longest_creative_days,active_creatives_US,target_countries,product_link,eu_reach_PROXY,eu_spend_PROXY_usd,top_ad_started,brand_ad_library_US,per_product_ad_library_US,price,note
1,Custom pet-portrait phone case,Pets,Macorner,91,126,9,US+CA/AU/NZ+EU,https://macorner.co/products/custom-pet-portrait-personalized-leather-phone-case-ma4ddrzzh,1123460,12358,2026-03-25,https://www.facebook.com/ads/library/?active_status=all&ad_type=all&country=US&view_all_page_id=102971998671051,https://www.facebook.com/ads/library/?active_status=active&ad_type=all&country=US&q=pet%20portrait%20phone%20case&search_type=keyword_unordered&media_type=all,$27-30,Photo->art; year-round; lead ~5 US creatives; copycat cigreds.com
1,"""Legend: Husband-Dad-Grandpa"" family-name shirt",Parents/Grandparents,Macorner,91,309,11,US+CA/AU/NZ,https://macorner.co/products/legend-husband-dad-and-grandpa-custom-family-name-personalized-shirt-grd200504dohn,,,2025-09-23,https://www.facebook.com/ads/library/?active_status=all&ad_type=all&country=US&view_all_page_id=102971998671051,https://www.facebook.com/ads/library/?active_status=active&ad_type=all&country=US&q=legend%20husband%20dad%20grandpa&search_type=keyword_unordered&media_type=all,$30-33,+hawaiian/hoodie variants
1,"Pet memorial suncatcher / ""always with you""",Pets,Macorner,91,314,2,US,https://macorner.co/products/loss-of-dog-in-loving-memory-personalized-window-hanging-suncatcher-ornament-dog280502hutl,,,2025-09-18,https://www.facebook.com/ads/library/?active_status=all&ad_type=all&country=US&view_all_page_id=102971998671051,https://www.facebook.com/ads/library/?active_status=active&ad_type=all&country=US&q=loss%20of%20dog%20in%20loving%20memory%20suncatcher&search_type=keyword_unordered&media_type=all,$27,live US ad (found)
1,"""Once a brother"" distance tumbler",Siblings,Macorner,91,228,6,US+EU broad,https://macorner.co/products/once-a-brother-always-a-brother-no-matter-the-distance-personalized-tumbler-cup-sib081202dghn,67148,738,2025-12-24,https://www.facebook.com/ads/library/?active_status=all&ad_type=all&country=US&view_all_page_id=102971998671051,https://www.facebook.com/ads/library/?active_status=active&ad_type=all&country=US&q=once%20a%20brother%20always%20a%20brother%20tumbler&search_type=keyword_unordered&media_type=all,$30,+pockethug/coin variants
1,Custom bestie-photo trinket / jewelry dish,Friends,Macorner,91,224,10,US+EU broad,https://macorner.co/products/custom-bestie-photo-trinket-tray-for-best-friend-friendship-thank-you-gifts-personalized-jewelry-dish-fri021205huhn,,2826,2025-12-17,https://www.facebook.com/ads/library/?active_status=all&ad_type=all&country=US&view_all_page_id=102971998671051,https://www.facebook.com/ads/library/?active_status=active&ad_type=all&country=US&q=bestie%20photo%20trinket%20dish&search_type=keyword_unordered&media_type=all,$30,also geckocustom+nanyshop
1,"Family-camping ""making memories"" doormat",Family,Macorner,91,107,1,US+CA+GB+NZ,https://macorner.co/products/making-memories-one-campsite-at-a-time-family-camping-personalized-doormat-cam150401vuhn,72948,802,2026-04-13,https://www.facebook.com/ads/library/?active_status=all&ad_type=all&country=US&view_all_page_id=102971998671051,https://www.facebook.com/ads/library/?active_status=active&ad_type=all&country=US&q=making%20memories%20one%20campsite%20doormat&search_type=keyword_unordered&media_type=all,$30,also cigreds seller
1,Y2K couple heart LED light box,Couples,PFG,87,410,3,US+EU broad,https://trendingcustom.com/products/y2k-couple-heart-shape-with-names-psnl-light-box-anniversary-gift-valentines-day-gift-for-him-for-her-12203492,18935,208,2025-06-14,https://www.facebook.com/ads/library/?active_status=all&ad_type=all&country=US&view_all_page_id=1562252470694113,https://www.facebook.com/ads/library/?active_status=active&ad_type=all&country=US&q=y2k%20couple%20heart%20light%20box&search_type=keyword_unordered&media_type=all,~$24,Most-proven in set
1,"""Always with you sky"" family memorial",Family,PFG,87,286,18,US+EU(33),https://trendingcustom.com/products/always-with-you-sky-family-members-grandma-grandpa-dad-mom-kids-dogs-cats-memorial-personalized-acrylic-keychain-1311141,99671,1096,2025-10-16,https://www.facebook.com/ads/library/?active_status=all&ad_type=all&country=US&view_all_page_id=1562252470694113,https://www.facebook.com/ads/library/?active_status=active&ad_type=all&country=US&q=always%20with%20you%20sky%20family%20memorial&search_type=keyword_unordered&media_type=all,~$24,Our Teeinblue strength
1,Daddy's-team baseball family poster,Family,PFG,87,236,14,US+CA+EU,https://trendingcustom.com/products/daddys-team-baseball-family-sitting-psnl-poster-2201056,214748,2362,2024-05-30,https://www.facebook.com/ads/library/?active_status=all&ad_type=all&country=US&view_all_page_id=1562252470694113,https://www.facebook.com/ads/library/?active_status=active&ad_type=all&country=US&q=daddys%20team%20baseball%20family%20poster&search_type=keyword_unordered&media_type=all,~$24,Add each kid
1,Dog/cat memorial wooden car-visor clip,Pets,Macorner,87,329,2,US+CA/AU/NO/BR/NZ,https://macorner.co/products/dog-memorial-cat-memorial-personalized-wooden-car-visor-clip-pet180702laht,1119,12,2025-09-03,https://www.facebook.com/ads/library/?active_status=all&ad_type=all&country=US&view_all_page_id=102971998671051,https://www.facebook.com/ads/library/?active_status=active&ad_type=all&country=US&q=dog%20memorial%20car%20visor%20clip&search_type=keyword_unordered&media_type=all,$25,"Memorial, cheap build"
1,"""Proud hero"" couple nation-flag wood plaque",Couples,PFG,87,118,1,US+EU(33),https://trendingcustom.com/products/proud-hero-couple-nation-flag-psnl-2layered-wooden-plaque-valentines-day-gift-for-couple-for-him-for-her-nurse-police-firefighter-army-01155141,12420,137,2026-04-02,https://www.facebook.com/ads/library/?active_status=all&ad_type=all&country=US&view_all_page_id=1562252470694113,https://www.facebook.com/ads/library/?active_status=active&ad_type=all&country=US&q=proud%20hero%20couple%20nation%20flag%20plaque&search_type=keyword_unordered&media_type=all,~$24,Occupation+couple
1,Sibling/sisters-forever acrylic ornament,Siblings,Macorner,87,300,14,US+NO+EU,https://macorner.co/products/sisters-siblings-forever-personalized-acrylic-ornament-xma021001vupg,35286,388,2025-10-02,https://www.facebook.com/ads/library/?active_status=all&ad_type=all&country=US&view_all_page_id=102971998671051,https://www.facebook.com/ads/library/?active_status=active&ad_type=all&country=US&q=sisters%20siblings%20forever%20acrylic%20ornament&search_type=keyword_unordered&media_type=all,$17,"Low AOV, proven"
2,Day-of-the-Dead pet (cardigan/tumbler),Pets,Macorner,89,299,6,US,https://macorner.co/products/day-of-the-dead-dog-cat-hispanic-mexican-flowers-personalized-wine-tumbler-pet171001tvec,,,2025-10-18,https://www.facebook.com/ads/library/?active_status=all&ad_type=all&country=US&view_all_page_id=102971998671051,https://www.facebook.com/ads/library/?active_status=active&ad_type=all&country=US&q=day%20of%20the%20dead%20dog%20cat%20flowers&search_type=keyword_unordered&media_type=all,$37,"Seasonal Oct, premium; +cardigan/sweater/dish variants"
2,"""Adventure partners"" couple solar mason-jar light",Couples,Macorner,89,180,1,US+CA+EU,https://macorner.co/products/adventure-partners-for-life-couple-gift-personalized-solar-mason-jar-light-cam291203ttnh,184359,2028,2026-01-30,https://www.facebook.com/ads/library/?active_status=all&ad_type=all&country=US&view_all_page_id=102971998671051,https://www.facebook.com/ads/library/?active_status=active&ad_type=all&country=US&q=adventure%20partners%20for%20life%20solar&search_type=keyword_unordered&media_type=all,$37,verified
2,Birth-flower book-lover wearable blanket hoodie,Self/Hobby,Macorner,89,298,2,US+EU,https://macorner.co/products/birth-flower-book-lovers-books-quotes-personalized-wearable-blanket-hoodie-boo280801paht,1114206,12256,2025-10-04,https://www.facebook.com/ads/library/?active_status=all&ad_type=all&country=US&view_all_page_id=102971998671051,https://www.facebook.com/ads/library/?active_status=active&ad_type=all&country=US&q=birth%20flower%20book%20lovers%20wearable%20blanket&search_type=keyword_unordered&media_type=all,$50,verified
2,"""Gaming do-not-disturb"" wearable blanket hoodie",Self/Hobby,Macorner,89,294,1,US,https://macorner.co/products/im-gaming-do-not-disturb-personalized-wearable-blanket-hoodie-gam181101docy,,,2025-10-08,https://www.facebook.com/ads/library/?active_status=all&ad_type=all&country=US&view_all_page_id=102971998671051,https://www.facebook.com/ads/library/?active_status=active&ad_type=all&country=US&q=gaming%20do%20not%20disturb%20wearable%20blanket&search_type=keyword_unordered&media_type=all,$60,verified
2,"""F*ck Valentine's, love you everyday"" bottle lamp",Couples,Macorner,89,202,8,US+EU broad,https://macorner.co/products/fuck-valentines-day-i-love-you-everyday-personalized-bottle-lamp-cou110102vupg,851289,9364,2026-01-08,https://www.facebook.com/ads/library/?active_status=all&ad_type=all&country=US&view_all_page_id=102971998671051,https://www.facebook.com/ads/library/?active_status=active&ad_type=all&country=US&q=love%20you%20everyday%20personalized%20bottle%20lamp&search_type=keyword_unordered&media_type=all,$40,verified
2,Buffalo-plaid family runner rug,Family,Macorner,87,280,6,US+EU broad,https://macorner.co/products/family-sitting-festive-plant-buffalo-plaid-personalized-runner-rug-xma200901tvec,,,2025-10-16,https://www.facebook.com/ads/library/?active_status=all&ad_type=all&country=US&view_all_page_id=102971998671051,https://www.facebook.com/ads/library/?active_status=active&ad_type=all&country=US&q=buffalo%20plaid%20family%20runner%20rug&search_type=keyword_unordered&media_type=all,$50,from links.md
2,"Custom moon-phase crystal-ball night light (""our moon"")",Couples,PFG,82,189,25,US+EU,https://trendingcustom.com/products/our-moon-the-night-we-got-married-psnl-crystal-ball-night-light-heartfelt-anniversary-gift-for-her-for-him-23106957,65221,717,2026-02-13,https://www.facebook.com/ads/library/?active_status=all&ad_type=all&country=US&view_all_page_id=1562252470694113,https://www.facebook.com/ads/library/?active_status=active&ad_type=all&country=US&q=our%20moon%20the%20night%20we%20got%20married%20crystal%20ball&search_type=keyword_unordered&media_type=all,~$24,verified
2,"""Professional grandma of grandkids"" shirt",Grandparents,PFG,82,189,2,US+EU,https://trendingcustom.com/products/im-not-retired-im-a-professional-grandma-of-cute-grandkids-psnl-shirt-400520,20345,224,2026-01-21,https://www.facebook.com/ads/library/?active_status=all&ad_type=all&country=US&view_all_page_id=1562252470694113,https://www.facebook.com/ads/library/?active_status=active&ad_type=all&country=US&q=professional%20grandma%20of%20cute%20grandkids&search_type=keyword_unordered&media_type=all,~$24,verified
2,Snowman family/grandkids LED light box,Grandparents,PFG,82,295,7,US+EU broad,https://trendingcustom.com/products/snowman-grandma-and-grandkids-psnl-light-box-christmas-gift-for-grandma-91505378,,,2025-12-02,https://www.facebook.com/ads/library/?active_status=all&ad_type=all&country=US&view_all_page_id=1562252470694113,https://www.facebook.com/ads/library/?active_status=active&ad_type=all&country=US&q=snowman%20grandma%20and%20grandkids%20light%20box&search_type=keyword_unordered&media_type=all,$28,from links.md
2,Custom gingerbread-letter family-name,Family,Macorner,82,284,14,US+NO,https://macorner.co/products/custom-gingerbread-letter-with-name-for-family-kids-personalized-family-wood-ornament-xma101001dghn,87,1,2025-10-18,https://www.facebook.com/ads/library/?active_status=all&ad_type=all&country=US&view_all_page_id=102971998671051,https://www.facebook.com/ads/library/?active_status=active&ad_type=all&country=US&q=custom%20gingerbread%20letter%20with%20name%20family&search_type=keyword_unordered&media_type=all,$27,verified
2,"""We caught the best dad"" baseball action figure",Parents,PFG,82,468,14,US+EU,https://trendingcustom.com/products/we-caught-the-best-dad-baseball-custom-figure-personalized-acrylic-block-plaque-fathers-day-gift-for-dads,8322,91,2025-04-17,https://www.facebook.com/ads/library/?active_status=all&ad_type=all&country=US&view_all_page_id=1562252470694113,https://www.facebook.com/ads/library/?active_status=active&ad_type=all&country=US&q=we%20caught%20the%20best%20dad%20baseball%20figure&search_type=keyword_unordered&media_type=all,~$24,Longest runner overall
2,Grandma-grandkids hugging fridge magnet,Grandparents,PFG,78,94,7,US+EU,https://trendingcustom.com/products/grandma-grandkids-hugging-psnl-acrylic-fridge-magnet-mothers-day-gift-for-grandma-mom-60405033,56533,622,2026-04-26,https://www.facebook.com/ads/library/?active_status=all&ad_type=all&country=US&view_all_page_id=1562252470694113,https://www.facebook.com/ads/library/?active_status=active&ad_type=all&country=US&q=grandma%20grandkids%20hugging%20fridge%20magnet&search_type=keyword_unordered&media_type=all,~$24,verified
2,Custom couple-photo sketch line-art tumbler,Couples,Macorner,78,37,10,US+EU,https://macorner.co/products/custom-couple-photo-sketch-line-art-anniversary-gift-for-him-her-personalized-tumbler-cup-ma794l1gn,247255,2720,2026-06-22,https://www.facebook.com/ads/library/?active_status=all&ad_type=all&country=US&view_all_page_id=102971998671051,https://www.facebook.com/ads/library/?active_status=active&ad_type=all&country=US&q=custom%20couple%20photo%20sketch%20line%20art&search_type=keyword_unordered&media_type=all,$32,"Photo->lineart, newer"
3,Adorable Custom Shaped Pillow For You,Other,Wander Prints,50,1042,1,"US,CA,AU",https://wanderprints.com/tra001mar001-fbf,,,2023-09-27,https://www.facebook.com/ads/library/?active_status=all&ad_type=all&country=US&view_all_page_id=100254708876376,https://www.facebook.com/ads/library/?active_status=active&ad_type=all&country=US&q=adorable%20custom%20shaped%20pillow%20for%20you&search_type=keyword_unordered&media_type=all,24.99,WP evergreen crawl 2026-08-04; 1 ad rec(s); backend great-family-shop
3,you were my favorite hello and hardest goodbye,Memorial,Wander Prints,57,1042,5,"US,AU,CA",https://wanderprints.com/products/you-were-my-favorite-hello-and-hardest-goodbye-christmas-memorial-gift-personalized-custom-shaped-acrylic-ornament,,,2023-09-27,https://www.facebook.com/ads/library/?active_status=all&ad_type=all&country=US&view_all_page_id=100254708876376,https://www.facebook.com/ads/library/?active_status=active&ad_type=all&country=US&q=you%20were%20my%20favorite%20hello%20and&search_type=keyword_unordered&media_type=all,17.95,WP evergreen crawl 2026-08-04; 1 ad rec(s); backend great-family-shop
3,christmas congrats on being my bestie gift for,Friends,Wander Prints,60,1021,5,US,https://wanderprints.com/products/christmas-congrats-on-being-my-bestie-gift-for-bestie-personalized-custom-shaped-acrylic-ornament,,,2023-10-18,https://www.facebook.com/ads/library/?active_status=all&ad_type=all&country=US&view_all_page_id=100254708876376,https://www.facebook.com/ads/library/?active_status=active&ad_type=all&country=US&q=christmas%20congrats%20on%20being%20my%20bestie&search_type=keyword_unordered&media_type=all,17.95,WP evergreen crawl 2026-08-04; 1 ad rec(s); backend great-family-shop
3,you and me and the cats gift for,Couples,Wander Prints,63,1020,5,US,https://wanderprints.com/products/you-and-me-and-the-cats-gift-for-cat-lovers-personalized-pillow,,,2023-10-19,https://www.facebook.com/ads/library/?active_status=all&ad_type=all&country=US&view_all_page_id=100254708876376,https://www.facebook.com/ads/library/?active_status=active&ad_type=all&country=US&q=you%20and%20me%20and%20the%20cats&search_type=keyword_unordered&media_type=all,25.95,WP evergreen crawl 2026-08-04; 1 ad rec(s); backend great-family-shop
3,10 reasons why you are my bestie holiday,Friends,Wander Prints,67,1020,9,"CA,AU,US",https://wanderprints.com/products/10-reasons-why-you-are-my-bestie-holiday-birthday-loving-gift-for-friends-colleagues-personalized-fleece-blanket,,,2023-10-19,https://www.facebook.com/ads/library/?active_status=all&ad_type=all&country=US&view_all_page_id=100254708876376,https://www.facebook.com/ads/library/?active_status=active&ad_type=all&country=US&q=10%20reasons%20why%20you%20are%20my&search_type=keyword_unordered&media_type=all,39.95,WP evergreen crawl 2026-08-04; 2 ad rec(s); backend great-family-shop
3,christmas couple back side you are my favorite,Couples,Wander Prints,60,1020,6,"AU,CA,US",https://wanderprints.com/products/christmas-couple-back-side-you-are-my-favorite-by-far-gift-for-couples-personalized-circle-ceramic-ornament,,,2023-10-19,https://www.facebook.com/ads/library/?active_status=all&ad_type=all&country=US&view_all_page_id=100254708876376,https://www.facebook.com/ads/library/?active_status=active&ad_type=all&country=US&q=christmas%20couple%20back%20side%20you%20are&search_type=keyword_unordered&media_type=all,18.95,WP evergreen crawl 2026-08-04; 1 ad rec(s); backend great-family-shop
3,best dog mom ever christmas gift gift for,Parents,Wander Prints,63,1019,9,"AU,US,CA",https://wanderprints.com/products/best-dog-mom-ever-christmas-gift-gift-for-dog-lovers-dog-mom-dog-dad-pet-lovers-personalized-unisex-ugly-sweater,,,2023-10-20,https://www.facebook.com/ads/library/?active_status=all&ad_type=all&country=US&view_all_page_id=100254708876376,https://www.facebook.com/ads/library/?active_status=active&ad_type=all&country=US&q=best%20dog%20mom%20ever%20christmas%20gift&search_type=keyword_unordered&media_type=all,32.95,WP evergreen crawl 2026-08-04; 1 ad rec(s); backend great-family-shop
3,meowy catmas funny cartoon cats christmas gift for,Pets,Wander Prints,63,1019,7,"CA,AU,US",https://wanderprints.com/products/meowy-catmas-funny-cartoon-cats-christmas-gift-for-cat-lovers-cat-moms-cat-dads-personalized-unisex-ugly-sweater,,,2023-10-20,https://www.facebook.com/ads/library/?active_status=all&ad_type=all&country=US&view_all_page_id=100254708876376,https://www.facebook.com/ads/library/?active_status=active&ad_type=all&country=US&q=meowy%20catmas%20funny%20cartoon%20cats%20christmas&search_type=keyword_unordered&media_type=all,29.95,WP evergreen crawl 2026-08-04; 1 ad rec(s); backend great-family-shop
3,custom photo feliz navidog christmas gift for dog,Pets,Wander Prints,68,1016,5,"AU,CA,US",https://wanderprints.com/products/custom-photo-feliz-navidog-christmas-gift-for-dog-lovers-cat-lovers-personalized-unisex-ugly-sweater,,,2023-10-23,https://www.facebook.com/ads/library/?active_status=all&ad_type=all&country=US&view_all_page_id=100254708876376,https://www.facebook.com/ads/library/?active_status=active&ad_type=all&country=US&q=custom%20photo%20feliz%20navidog%20christmas%20gift&search_type=keyword_unordered&media_type=all,29.95,WP evergreen crawl 2026-08-04; 1 ad rec(s); backend great-family-shop
3,granddaughter unicorn hug this soft pillow gift for,Kids/Grandkids,Wander Prints,60,1012,7,"US,AU,CA",https://wanderprints.com/products/granddaughter-unicorn-hug-this-soft-pillow-gift-for-kids-personalized-pillow,,,2023-10-27,https://www.facebook.com/ads/library/?active_status=all&ad_type=all&country=US&view_all_page_id=100254708876376,https://www.facebook.com/ads/library/?active_status=active&ad_type=all&country=US&q=granddaughter%20unicorn%20hug%20this%20soft%20pillow&search_type=keyword_unordered&media_type=all,25.95,WP evergreen crawl 2026-08-04; 1 ad rec(s); backend great-family-shop
3,grandma mother hugged this soft blanket gift for,Grandparents,Wander Prints,63,1012,5,"CA,AU,US",https://wanderprints.com/products/grandma-mother-hugged-this-soft-blanket-gift-for-granddaughter-grandson-kids-personalized-fleece-blanket,,,2023-10-27,https://www.facebook.com/ads/library/?active_status=all&ad_type=all&country=US&view_all_page_id=100254708876376,https://www.facebook.com/ads/library/?active_status=active&ad_type=all&country=US&q=grandma%20mother%20hugged%20this%20soft%20blanket&search_type=keyword_unordered&media_type=all,37.95,WP evergreen crawl 2026-08-04; 1 ad rec(s); backend great-family-shop
3,10 reasons why you are my bestie holiday,Friends,Wander Prints,57,1007,1,"CA,AU,US",https://wanderprints.com/products/10-reasons-why-you-are-my-bestie-holiday-birthday-loving-gift-for-friends-colleagues-personalized-pillow,,,2023-11-01,https://www.facebook.com/ads/library/?active_status=all&ad_type=all&country=US&view_all_page_id=100254708876376,https://www.facebook.com/ads/library/?active_status=active&ad_type=all&country=US&q=10%20reasons%20why%20you%20are%20my&search_type=keyword_unordered&media_type=all,25.95,WP evergreen crawl 2026-08-04; 1 ad rec(s); backend great-family-shop
3,custom photo funny pet face best dog mom,Parents,Wander Prints,68,1007,5,"AU,US",https://wanderprints.com/products/custom-photo-funny-pet-face-best-dog-mom-ever-christmas-gift-gift-for-dog-lovers-dog-mom-dog-dad-pet-lovers-personalized-unisex-ugly-sweater,,,2023-11-01,https://www.facebook.com/ads/library/?active_status=all&ad_type=all&country=US&view_all_page_id=100254708876376,https://www.facebook.com/ads/library/?active_status=active&ad_type=all&country=US&q=custom%20photo%20funny%20pet%20face%20best&search_type=keyword_unordered&media_type=all,32.95,WP evergreen crawl 2026-08-04; 1 ad rec(s); backend great-family-shop
3,Custom Photo Heart-Shaped Pillow for Pet Lovers,Pets,Wander Prints,62,1001,1,US,https://wanderprints.com/ts299nah2720-fbf,,,2023-11-07,https://www.facebook.com/ads/library/?active_status=all&ad_type=all&country=US&view_all_page_id=100254708876376,https://www.facebook.com/ads/library/?active_status=active&ad_type=all&country=US&q=custom%20photo%20heart%20shaped%20pillow%20for&search_type=keyword_unordered&media_type=all,27.95,WP evergreen crawl 2026-08-04; 1 ad rec(s); backend great-family-shop
3,a bond that cant be broken gift for,Couples,Wander Prints,53,971,2,US,https://wanderprints.com/products/a-bond-that-cant-be-broken-gift-for-cat-lovers-cat-mom-cat-dad-personalized-mug,,,2023-12-07,https://www.facebook.com/ads/library/?active_status=all&ad_type=all&country=US&view_all_page_id=100254708876376,https://www.facebook.com/ads/library/?active_status=active&ad_type=all&country=US&q=a%20bond%20that%20cant%20be%20broken&search_type=keyword_unordered&media_type=all,21.95,WP evergreen crawl 2026-08-04; 2 ad rec(s); backend great-family-shop
3,hope you brought alcohol and dog treats couple,Couples,Wander Prints,57,950,1,US,https://wanderprints.com/products/hope-you-brought-alcohol-and-dog-treats-couple-husband-wife-backyard-sign-personalized-custom-classic-metal-signs,,,2023-12-28,https://www.facebook.com/ads/library/?active_status=all&ad_type=all&country=US&view_all_page_id=100254708876376,https://www.facebook.com/ads/library/?active_status=active&ad_type=all&country=US&q=hope%20you%20brought%20alcohol%20and%20dog&search_type=keyword_unordered&media_type=all,29.95,WP evergreen crawl 2026-08-04; 1 ad rec(s); backend great-family-shop
3,this awesome mommy daddy belongs to birthday loving,Parents,Wander Prints,60,944,3,US,https://wanderprints.com/products/this-awesome-mommy-daddy-belongs-to-birthday-loving-gift-for-mother-father-grandma-grandpa-personalized-40oz-tumbler-with-straw,,,2024-01-03,https://www.facebook.com/ads/library/?active_status=all&ad_type=all&country=US&view_all_page_id=100254708876376,https://www.facebook.com/ads/library/?active_status=active&ad_type=all&country=US&q=this%20awesome%20mommy%20daddy%20belongs%20to&search_type=keyword_unordered&media_type=all,39.95,WP evergreen crawl 2026-08-04; 1 ad rec(s); backend great-family-shop
3,custom photo ill carry you memorial gift for,Memorial,Wander Prints,62,927,3,"AU,CA,US",https://wanderprints.com/products/custom-photo-ill-carry-you-memorial-gift-for-family-siblings-friends-dog-lovers-cat-lovers-personalized-engraved-bracelet,,,2024-01-20,https://www.facebook.com/ads/library/?active_status=all&ad_type=all&country=US&view_all_page_id=100254708876376,https://www.facebook.com/ads/library/?active_status=active&ad_type=all&country=US&q=custom%20photo%20ill%20carry%20you%20memorial&search_type=keyword_unordered&media_type=all,21.95,WP evergreen crawl 2026-08-04; 1 ad rec(s); backend great-family-shop
3,custom photo now you can carry me too,Memorial,Wander Prints,58,927,3,"AU,CA,US",https://wanderprints.com/products/custom-photo-now-you-can-carry-me-too-gift-for-dad-father-new-parents-personalized-aluminum-wallet-card,,,2024-01-20,https://www.facebook.com/ads/library/?active_status=all&ad_type=all&country=US&view_all_page_id=100254708876376,https://www.facebook.com/ads/library/?active_status=active&ad_type=all&country=US&q=custom%20photo%20now%20you%20can%20carry&search_type=keyword_unordered&media_type=all,19.99,WP evergreen crawl 2026-08-04; 1 ad rec(s); backend great-family-shop
3,custom photo your loved ones gift for couples,Couples,Wander Prints,58,922,1,"US,CA",https://wanderprints.com/products/custom-photo-your-loved-ones-gift-for-couples-family-bff-best-friends-besties-personalized-clear-phone-case,,,2024-01-25,https://www.facebook.com/ads/library/?active_status=all&ad_type=all&country=US&view_all_page_id=100254708876376,https://www.facebook.com/ads/library/?active_status=active&ad_type=all&country=US&q=custom%20photo%20your%20loved%20ones%20gift&search_type=keyword_unordered&media_type=all,21.95,WP evergreen crawl 2026-08-04; 1 ad rec(s); backend great-family-shop
3,a piece of my heart is at the,Memorial,Wander Prints,50,909,1,"CA,US,AU",https://wanderprints.com/products/a-piece-of-my-heart-is-at-the-rainbow-bridge-pet-memorial-gift-personalized-acrylic-car-hanger,,,2024-02-07,https://www.facebook.com/ads/library/?active_status=all&ad_type=all&country=US&view_all_page_id=100254708876376,https://www.facebook.com/ads/library/?active_status=active&ad_type=all&country=US&q=a%20piece%20of%20my%20heart%20is&search_type=keyword_unordered&media_type=all,18.95,WP evergreen crawl 2026-08-04; 1 ad rec(s); backend great-family-shop
3,moms grandmas sweethearts gift for mother grandmother personalized,Grandparents,Wander Prints,53,909,3,"AU,US",https://wanderprints.com/products/moms-grandmas-sweethearts-gift-for-mother-grandmother-personalized-t-shirt,,,2024-02-07,https://www.facebook.com/ads/library/?active_status=all&ad_type=all&country=US&view_all_page_id=100254708876376,https://www.facebook.com/ads/library/?active_status=active&ad_type=all&country=US&q=moms%20grandmas%20sweethearts%20gift%20for%20mother&search_type=keyword_unordered&media_type=all,24.99,WP evergreen crawl 2026-08-04; 1 ad rec(s); backend great-family-shop
3,Memorial Gift For Pet Parents,Memorial,Wander Prints,68,881,4,"US,CA",https://wanderprints.com/ah590hal1990-fbf,,,2024-03-06,https://www.facebook.com/ads/library/?active_status=all&ad_type=all&country=US&view_all_page_id=100254708876376,https://www.facebook.com/ads/library/?active_status=active&ad_type=all&country=US&q=memorial%20gift%20for%20pet%20parents&search_type=keyword_unordered&media_type=all,29.95,WP evergreen crawl 2026-08-04; 1 ad rec(s); backend great-family-shop
3,personalized family old couple when we get customized,Couples,Wander Prints,62,880,2,"AU,US,CA",https://wanderprints.com/products/personalized-family-old-couple-when-we-get-customized-poster,,,2024-03-07,https://www.facebook.com/ads/library/?active_status=all&ad_type=all&country=US&view_all_page_id=100254708876376,https://www.facebook.com/ads/library/?active_status=active&ad_type=all&country=US&q=personalized%20family%20old%20couple%20when%20we&search_type=keyword_unordered&media_type=all,19.99,WP evergreen crawl 2026-08-04; 1 ad rec(s); backend great-family-shop
3,Heartfelt Gift For Mama Bear,Parents,Wander Prints,53,880,1,"AU,US,CA",https://wanderprints.com/tr160ele2964-fbf,,,2024-03-07,https://www.facebook.com/ads/library/?active_status=all&ad_type=all&country=US&view_all_page_id=100254708876376,https://www.facebook.com/ads/library/?active_status=active&ad_type=all&country=US&q=heartfelt%20gift%20for%20mama%20bear&search_type=keyword_unordered&media_type=all,27.99,WP evergreen crawl 2026-08-04; 1 ad rec(s); backend great-family-shop
3,shortcode:bt061hel911,Other,Wander Prints,63,879,6,"CA,US,AU",https://wanderprints.com/bt061hel911,,,2024-03-08,https://www.facebook.com/ads/library/?active_status=all&ad_type=all&country=US&view_all_page_id=100254708876376,https://www.facebook.com/ads/library/?active_status=active&ad_type=all&country=US&q=bt061hel911&search_type=keyword_unordered&media_type=all,39.95,WP evergreen crawl 2026-08-04; 2 ad rec(s); backend great-family-shop
3,Perfect Gift For Nurse,Occupation,Wander Prints,57,872,5,"US,CA",https://wanderprints.com/nn399ngo2075-fbf,,,2024-03-15,https://www.facebook.com/ads/library/?active_status=all&ad_type=all&country=US&view_all_page_id=100254708876376,https://www.facebook.com/ads/library/?active_status=active&ad_type=all&country=US&q=perfect%20gift%20for%20nurse&search_type=keyword_unordered&media_type=all,18.95,WP evergreen crawl 2026-08-04; 1 ad rec(s); backend great-family-shop
3,hand in hand i will always protect you,Couples,Wander Prints,50,871,1,"AU,US",https://wanderprints.com/products/hand-in-hand-i-will-always-protect-you-birthday-loving-gift-for-mom-dad-grandma-grandpa-personalized-white-edge-to-edge-mug,,,2024-03-16,https://www.facebook.com/ads/library/?active_status=all&ad_type=all&country=US&view_all_page_id=100254708876376,https://www.facebook.com/ads/library/?active_status=active&ad_type=all&country=US&q=hand%20in%20hand%20i%20will%20always&search_type=keyword_unordered&media_type=all,20.99,WP evergreen crawl 2026-08-04; 1 ad rec(s); backend great-family-shop
3,custom photo if found return to this guy,Couples,Wander Prints,55,866,1,"AU,US,CA",https://wanderprints.com/products/custom-photo-if-found-return-to-this-guy-gift-for-dad-father-grandpa-golfer-golf-lover-personalized-golf-ball,,,2024-03-21,https://www.facebook.com/ads/library/?active_status=all&ad_type=all&country=US&view_all_page_id=100254708876376,https://www.facebook.com/ads/library/?active_status=active&ad_type=all&country=US&q=custom%20photo%20if%20found%20return%20to&search_type=keyword_unordered&media_type=all,16.95,WP evergreen crawl 2026-08-04; 1 ad rec(s); backend great-family-shop
3,proud father of a few funny gift for,Parents,Wander Prints,50,861,1,"CA,US",https://wanderprints.com/products/proud-father-of-a-few-funny-gift-for-dad-father-grandpa-personalized-t-shirt,,,2024-03-26,https://www.facebook.com/ads/library/?active_status=all&ad_type=all&country=US&view_all_page_id=100254708876376,https://www.facebook.com/ads/library/?active_status=active&ad_type=all&country=US&q=proud%20father%20of%20a%20few%20funny&search_type=keyword_unordered&media_type=all,24.99,WP evergreen crawl 2026-08-04; 1 ad rec(s); backend great-family-shop
3,Beautiful Gift For Mom And Grandma,Grandparents,Wander Prints,57,861,10,US,https://wanderprints.com/ta361ele2901-fbf,,,2024-03-26,https://www.facebook.com/ads/library/?active_status=all&ad_type=all&country=US&view_all_page_id=100254708876376,https://www.facebook.com/ads/library/?active_status=active&ad_type=all&country=US&q=beautiful%20gift%20for%20mom%20and%20grandma&search_type=keyword_unordered&media_type=all,22.95,WP evergreen crawl 2026-08-04; 2 ad rec(s); backend great-family-shop
3,Thoughtful Gift For Mom,Parents,Wander Prints,57,861,10,"AU,US",https://wanderprints.com/tr171hal2056-fbf,,,2024-03-26,https://www.facebook.com/ads/library/?active_status=all&ad_type=all&country=US&view_all_page_id=100254708876376,https://www.facebook.com/ads/library/?active_status=active&ad_type=all&country=US&q=thoughtful%20gift%20for%20mom&search_type=keyword_unordered&media_type=all,20.99,WP evergreen crawl 2026-08-04; 2 ad rec(s); backend great-family-shop
3,if love could have saved you memorial gift,Memorial,Wander Prints,62,861,3,"US,AU",https://wanderprints.com/products/if-love-could-have-saved-you-memorial-gift-for-pet-lovers-dog-mom-dog-dad-cat-mom-cat-dad-personalized-acrylic-car-hanger,,,2024-03-26,https://www.facebook.com/ads/library/?active_status=all&ad_type=all&country=US&view_all_page_id=100254708876376,https://www.facebook.com/ads/library/?active_status=active&ad_type=all&country=US&q=if%20love%20could%20have%20saved%20you&search_type=keyword_unordered&media_type=all,19.95,WP evergreen crawl 2026-08-04; 1 ad rec(s); backend great-family-shop
3,to my granddaughter gift for granddaughter grandparents gift,Kids/Grandkids,Wander Prints,53,860,1,"US,AU,CA",https://wanderprints.com/products/to-my-granddaughter-gift-for-granddaughter-grandparents-gift-personalized-pillow,,,2024-03-27,https://www.facebook.com/ads/library/?active_status=all&ad_type=all&country=US&view_all_page_id=100254708876376,https://www.facebook.com/ads/library/?active_status=active&ad_type=all&country=US&q=to%20my%20granddaughter%20gift%20for%20granddaughter&search_type=keyword_unordered&media_type=all,25.95,WP evergreen crawl 2026-08-04; 1 ad rec(s); backend great-family-shop
3,dear mom great job we re awesome thank,Parents,Wander Prints,53,859,3,"AU,US,CA",https://wanderprints.com/products/dear-mom-great-job-we-re-awesome-thank-you-young-birthday-loving-gift-for-mother-grandma-grandmother-personalized-custom-t-shirt,,,2024-03-28,https://www.facebook.com/ads/library/?active_status=all&ad_type=all&country=US&view_all_page_id=100254708876376,https://www.facebook.com/ads/library/?active_status=active&ad_type=all&country=US&q=dear%20mom%20great%20job%20we%20re&search_type=keyword_unordered&media_type=all,24.99,WP evergreen crawl 2026-08-04; 1 ad rec(s); backend great-family-shop
3,no returns or refunds chibi grandkids funny gift,Kids/Grandkids,Wander Prints,58,851,3,US,https://wanderprints.com/products/no-returns-or-refunds-chibi-grandkids-funny-gift-for-dad-mom-grandma-grandpa-personalized-mug,,,2024-04-05,https://www.facebook.com/ads/library/?active_status=all&ad_type=all&country=US&view_all_page_id=100254708876376,https://www.facebook.com/ads/library/?active_status=active&ad_type=all&country=US&q=no%20returns%20or%20refunds%20chibi%20grandkids&search_type=keyword_unordered&media_type=all,19.99,WP evergreen crawl 2026-08-04; 1 ad rec(s); backend great-family-shop
3,shortcode:na345hel975-fbr,Other,Wander Prints,50,850,1,US,https://wanderprints.com/na345hel975-fbr,,,2024-04-06,https://www.facebook.com/ads/library/?active_status=all&ad_type=all&country=US&view_all_page_id=100254708876376,https://www.facebook.com/ads/library/?active_status=active&ad_type=all&country=US&q=na345hel975%20fbr&search_type=keyword_unordered&media_type=all,21.95,WP evergreen crawl 2026-08-04; 1 ad rec(s); backend great-family-shop
3,Wander Prints Home Decor,Other,Wander Prints,57,844,2,"US,CA,AU",https://wanderprints.com/collections/pet-lovers,,,2024-04-12,https://www.facebook.com/ads/library/?active_status=all&ad_type=all&country=US&view_all_page_id=100254708876376,https://www.facebook.com/ads/library/?active_status=active&ad_type=all&country=US&q=wander%20prints%20home%20decor&search_type=keyword_unordered&media_type=all,,WP evergreen crawl 2026-08-04; 1 ad rec(s); backend great-family-shop
3,moms grandmas sweethearts gift for mother grandmother personalized,Grandparents,Wander Prints,57,832,1,"CA,US,AU",https://wanderprints.com/products/moms-grandmas-sweethearts-gift-for-mother-grandmother-personalized-leather-bag,,,2024-04-24,https://www.facebook.com/ads/library/?active_status=all&ad_type=all&country=US&view_all_page_id=100254708876376,https://www.facebook.com/ads/library/?active_status=active&ad_type=all&country=US&q=moms%20grandmas%20sweethearts%20gift%20for%20mother&search_type=keyword_unordered&media_type=all,45.95,WP evergreen crawl 2026-08-04; 1 ad rec(s); backend great-family-shop
3,the legend has retired vintage retirement gift for,Occupation,Wander Prints,50,823,1,"US,CA",https://wanderprints.com/products/the-legend-has-retired-vintage-retirement-gift-for-beach-lovers-dad-mom-grandpa-grandma-personalized-t-shirt,,,2024-05-03,https://www.facebook.com/ads/library/?active_status=all&ad_type=all&country=US&view_all_page_id=100254708876376,https://www.facebook.com/ads/library/?active_status=active&ad_type=all&country=US&q=the%20legend%20has%20retired%20vintage%20retirement&search_type=keyword_unordered&media_type=all,24.99,WP evergreen crawl 2026-08-04; 1 ad rec(s); backend great-family-shop
3,dad every poo i do personalized mug,Parents,Wander Prints,45,819,1,"US,AU,CA",https://wanderprints.com/products/dad-every-poo-i-do-personalized-mug-tr240nah3414,,,2024-05-07,https://www.facebook.com/ads/library/?active_status=all&ad_type=all&country=US&view_all_page_id=100254708876376,https://www.facebook.com/ads/library/?active_status=active&ad_type=all&country=US&q=dad%20every%20poo%20i%20do%20personalized&search_type=keyword_unordered&media_type=all,21.95,WP evergreen crawl 2026-08-04; 1 ad rec(s); backend great-family-shop
3,a man and his dog a bond that,Couples,Wander Prints,57,816,2,"AU,CA,US",https://wanderprints.com/products/a-man-and-his-dog-a-bond-that-cant-be-broken-personalized-window-hanging-suncatcher-ornament-ta388hal2221,,,2024-05-10,https://www.facebook.com/ads/library/?active_status=all&ad_type=all&country=US&view_all_page_id=100254708876376,https://www.facebook.com/ads/library/?active_status=active&ad_type=all&country=US&q=a%20man%20and%20his%20dog%20a&search_type=keyword_unordered&media_type=all,22.95,WP evergreen crawl 2026-08-04; 1 ad rec(s); backend great-family-shop
3,paws and human hand fist bump best cat,Pets,Wander Prints,53,816,1,"AU,CA,US",https://wanderprints.com/products/paws-and-human-hand-fist-bump-best-cat-dad-ever-3d-inflated-effect-printed-mug-personalized-white-edge-to-edge-mug-nn457hel1096,,,2024-05-10,https://www.facebook.com/ads/library/?active_status=all&ad_type=all&country=US&view_all_page_id=100254708876376,https://www.facebook.com/ads/library/?active_status=active&ad_type=all&country=US&q=paws%20and%20human%20hand%20fist%20bump&search_type=keyword_unordered&media_type=all,22.95,WP evergreen crawl 2026-08-04; 1 ad rec(s); backend great-family-shop
3,vintage map papa title birthday loving gift for,Grandparents,Wander Prints,50,815,1,"CA,AU,US",https://wanderprints.com/products/vintage-map-papa-title-birthday-loving-gift-for-dad-father-papa-grandpa-grandfather-personalized-custom-t-shirt,,,2024-05-11,https://www.facebook.com/ads/library/?active_status=all&ad_type=all&country=US&view_all_page_id=100254708876376,https://www.facebook.com/ads/library/?active_status=active&ad_type=all&country=US&q=vintage%20map%20papa%20title%20birthday%20loving&search_type=keyword_unordered&media_type=all,24.99,WP evergreen crawl 2026-08-04; 1 ad rec(s); backend great-family-shop
3,custom photo drive safe daddy birthday loving gift,Parents,Wander Prints,58,815,2,"CA,AU,US",https://wanderprints.com/products/custom-photo-drive-safe-daddy-birthday-loving-gift-for-dad-father-papa-grandpa-personalized-acrylic-car-hanger,,,2024-05-11,https://www.facebook.com/ads/library/?active_status=all&ad_type=all&country=US&view_all_page_id=100254708876376,https://www.facebook.com/ads/library/?active_status=active&ad_type=all&country=US&q=custom%20photo%20drive%20safe%20daddy%20birthday&search_type=keyword_unordered&media_type=all,19.95,WP evergreen crawl 2026-08-04; 1 ad rec(s); backend great-family-shop
3,kids holding dads hand best papa ever gift,Grandparents,Wander Prints,53,812,1,"US,CA,AU",https://wanderprints.com/products/kids-holding-dads-hand-best-papa-ever-gift-for-father-papa-grandpa-personalized-polo-shirt,,,2024-05-14,https://www.facebook.com/ads/library/?active_status=all&ad_type=all&country=US&view_all_page_id=100254708876376,https://www.facebook.com/ads/library/?active_status=active&ad_type=all&country=US&q=kids%20holding%20dads%20hand%20best%20papa&search_type=keyword_unordered&media_type=all,29.95,WP evergreen crawl 2026-08-04; 1 ad rec(s); backend great-family-shop
3,custom photo im always with you memorial personalized,Memorial,Wander Prints,58,812,1,"AU,CA,US",https://wanderprints.com/products/custom-photo-im-always-with-you-memorial-personalized-window-hanging-suncatcher-ornament-ak1130nah3436,,,2024-05-14,https://www.facebook.com/ads/library/?active_status=all&ad_type=all&country=US&view_all_page_id=100254708876376,https://www.facebook.com/ads/library/?active_status=active&ad_type=all&country=US&q=custom%20photo%20im%20always%20with%20you&search_type=keyword_unordered&media_type=all,22.95,WP evergreen crawl 2026-08-04; 1 ad rec(s); backend great-family-shop
3,memorial always with you personalized window hanging suncatcher,Memorial,Wander Prints,58,805,1,"US,AU,CA",https://wanderprints.com/products/memorial-always-with-you-personalized-window-hanging-suncatcher-ornament-gt481nel2311,,,2024-05-21,https://www.facebook.com/ads/library/?active_status=all&ad_type=all&country=US&view_all_page_id=100254708876376,https://www.facebook.com/ads/library/?active_status=active&ad_type=all&country=US&q=memorial%20always%20with%20you%20personalized%20window&search_type=keyword_unordered&media_type=all,22.95,WP evergreen crawl 2026-08-04; 1 ad rec(s); backend great-family-shop
3,dads reasons to drink personalized pint glass,Parents,Wander Prints,53,805,1,"CA,AU,US",https://wanderprints.com/products/dads-reasons-to-drink-personalized-pint-glass-at1247dil803,,,2024-05-21,https://www.facebook.com/ads/library/?active_status=all&ad_type=all&country=US&view_all_page_id=100254708876376,https://www.facebook.com/ads/library/?active_status=active&ad_type=all&country=US&q=dads%20reasons%20to%20drink%20personalized%20pint&search_type=keyword_unordered&media_type=all,25.95,WP evergreen crawl 2026-08-04; 1 ad rec(s); backend great-family-shop
3,shortcode:kk896dil818,Other,Wander Prints,53,803,1,"AU,CA,US",https://wanderprints.com/kk896dil818,,,2024-05-23,https://www.facebook.com/ads/library/?active_status=all&ad_type=all&country=US&view_all_page_id=100254708876376,https://www.facebook.com/ads/library/?active_status=active&ad_type=all&country=US&q=kk896dil818&search_type=keyword_unordered&media_type=all,29.95,WP evergreen crawl 2026-08-04; 1 ad rec(s); backend great-family-shop
3,backside the only thing better is watching you,Couples,Wander Prints,50,801,1,"CA,US",https://wanderprints.com/products/backside-the-only-thing-better-is-watching-you-being-a-dad-personalized-mug-ts462hal2342,,,2024-05-25,https://www.facebook.com/ads/library/?active_status=all&ad_type=all&country=US&view_all_page_id=100254708876376,https://www.facebook.com/ads/library/?active_status=active&ad_type=all&country=US&q=backside%20the%20only%20thing%20better%20is&search_type=keyword_unordered&media_type=all,21.95,WP evergreen crawl 2026-08-04; 1 ad rec(s); backend great-family-shop
3,mom grandma kids butterflies leopard pattern gift for,Grandparents,Wander Prints,57,775,2,"AU,CA,US",https://wanderprints.com/products/mom-grandma-kids-butterflies-leopard-pattern-gift-for-mother-grandmother-personalized-womens-sleep-tee,,,2024-06-20,https://www.facebook.com/ads/library/?active_status=all&ad_type=all&country=US&view_all_page_id=100254708876376,https://www.facebook.com/ads/library/?active_status=active&ad_type=all&country=US&q=mom%20grandma%20kids%20butterflies%20leopard%20pattern&search_type=keyword_unordered&media_type=all,,WP evergreen crawl 2026-08-04; 1 ad rec(s); backend great-family-shop
3,together since husband wife couple gift personalized custom,Couples,Wander Prints,60,775,2,"US,CA,AU,NZ",https://wanderprints.com/products/together-since-husband-wife-couple-gift-personalized-custom-pillow,,,2024-06-20,https://www.facebook.com/ads/library/?active_status=all&ad_type=all&country=US&view_all_page_id=100254708876376,https://www.facebook.com/ads/library/?active_status=active&ad_type=all&country=US&q=together%20since%20husband%20wife%20couple%20gift&search_type=keyword_unordered&media_type=all,,WP evergreen crawl 2026-08-04; 1 ad rec(s); backend great-family-shop
3,besties friends sitting on the moon personalized window,Friends,Wander Prints,68,749,7,"CA,US,AU",https://wanderprints.com/products/besties-friends-sitting-on-the-moon-personalized-window-hanging-suncatcher-ornament-fl557dil973,,,2024-07-16,https://www.facebook.com/ads/library/?active_status=all&ad_type=all&country=US&view_all_page_id=100254708876376,https://www.facebook.com/ads/library/?active_status=active&ad_type=all&country=US&q=besties%20friends%20sitting%20on%20the%20moon&search_type=keyword_unordered&media_type=all,26.95,WP evergreen crawl 2026-08-04; 3 ad rec(s); backend great-family-shop
3,grandma and grandkids on the moon personalized window,Kids/Grandkids,Wander Prints,58,601,1,"AU,US",https://wanderprints.com/products/grandma-and-grandkids-on-the-moon-personalized-window-hanging-suncatcher-ornament-kk924dil930,,,2024-12-11,https://www.facebook.com/ads/library/?active_status=all&ad_type=all&country=US&view_all_page_id=100254708876376,https://www.facebook.com/ads/library/?active_status=active&ad_type=all&country=US&q=grandma%20and%20grandkids%20on%20the%20moon&search_type=keyword_unordered&media_type=all,26.95,WP evergreen crawl 2026-08-04; 1 ad rec(s); backend great-family-shop
3,dog mom cat mom dog dad cat dad,Parents,Wander Prints,57,585,1,"CA,US,AU",https://wanderprints.com/products/dog-mom-cat-mom-dog-dad-cat-dad-personalized-window-hanging-suncatcher-ornament-ak1453nah4320,,,2024-12-27,https://www.facebook.com/ads/library/?active_status=all&ad_type=all&country=US&view_all_page_id=100254708876376,https://www.facebook.com/ads/library/?active_status=active&ad_type=all&country=US&q=dog%20mom%20cat%20mom%20dog%20dad&search_type=keyword_unordered&media_type=all,26.95,WP evergreen crawl 2026-08-04; 1 ad rec(s); backend great-family-shop
3,custom photo orgasm donor i licked it so,Couples,Wander Prints,58,577,1,"US,CA,AU",https://wanderprints.com/products/custom-photo-orgasm-donor-i-licked-it-so-its-mine-funny-gift-for-husband-boyfriend-personalized-mens-boxer-briefs,,,2025-01-04,https://www.facebook.com/ads/library/?active_status=all&ad_type=all&country=US&view_all_page_id=100254708876376,https://www.facebook.com/ads/library/?active_status=active&ad_type=all&country=US&q=custom%20photo%20orgasm%20donor%20i%20licked&search_type=keyword_unordered&media_type=all,27.95,WP evergreen crawl 2026-08-04; 1 ad rec(s); backend great-family-shop
3,mom nana sitting with children personalized window hanging,Grandparents,Wander Prints,53,518,1,"CA,US,AU",https://wanderprints.com/products/mom-nana-sitting-with-children-personalized-window-hanging-suncatcher-ornament-kk1163cin3200,,,2025-03-04,https://www.facebook.com/ads/library/?active_status=all&ad_type=all&country=US&view_all_page_id=100254708876376,https://www.facebook.com/ads/library/?active_status=active&ad_type=all&country=US&q=mom%20nana%20sitting%20with%20children%20personalized&search_type=keyword_unordered&media_type=all,26.95,WP evergreen crawl 2026-08-04; 1 ad rec(s); backend great-family-shop
3,custom photo memorial your light will always shine,Memorial,Wander Prints,62,511,2,"CA,US,AU",https://wanderprints.com/products/custom-photo-memorial-your-light-will-always-shine-in-my-heart-personalized-candlelight-lantern-ornament-bd1344cla442,,,2025-03-11,https://www.facebook.com/ads/library/?active_status=all&ad_type=all&country=US&view_all_page_id=100254708876376,https://www.facebook.com/ads/library/?active_status=active&ad_type=all&country=US&q=custom%20photo%20memorial%20your%20light%20will&search_type=keyword_unordered&media_type=all,21.95,WP evergreen crawl 2026-08-04; 1 ad rec(s); backend great-family-shop
3,nana auntie mom family sunflower personalized window hanging,Grandparents,Wander Prints,58,504,1,"CA,US,AU",https://wanderprints.com/products/nana-auntie-mom-family-sunflower-personalized-window-hanging-suncatcher-ornament-ak1160nah3530,,,2025-03-18,https://www.facebook.com/ads/library/?active_status=all&ad_type=all&country=US&view_all_page_id=100254708876376,https://www.facebook.com/ads/library/?active_status=active&ad_type=all&country=US&q=nana%20auntie%20mom%20family%20sunflower%20personalized&search_type=keyword_unordered&media_type=all,26.95,WP evergreen crawl 2026-08-04; 1 ad rec(s); backend great-family-shop
3,mom children sitting window 3d effect personalized window,Parents,Wander Prints,53,495,1,"CA,US,AU",https://wanderprints.com/products/mom-children-sitting-window-3d-effect-personalized-window-hanging-suncatcher-ornament-kk1183cin3263,,,2025-03-27,https://www.facebook.com/ads/library/?active_status=all&ad_type=all&country=US&view_all_page_id=100254708876376,https://www.facebook.com/ads/library/?active_status=active&ad_type=all&country=US&q=mom%20children%20sitting%20window%203d%20effect&search_type=keyword_unordered&media_type=all,26.95,WP evergreen crawl 2026-08-04; 1 ad rec(s); backend great-family-shop
3,custom photo my hardest goodbye memorial sympathy gift,Memorial,Wander Prints,65,494,2,"CA,AU,US",https://wanderprints.com/products/custom-photo-my-hardest-goodbye-memorial-sympathy-gift-for-dog-owners-cat-lovers-personalized-pet-loss-sign-collar-frame,,,2025-03-28,https://www.facebook.com/ads/library/?active_status=all&ad_type=all&country=US&view_all_page_id=100254708876376,https://www.facebook.com/ads/library/?active_status=active&ad_type=all&country=US&q=custom%20photo%20my%20hardest%20goodbye%20memorial&search_type=keyword_unordered&media_type=all,33.95,WP evergreen crawl 2026-08-04; 1 ad rec(s); backend great-family-shop
3,birth flower grow an old friend personalized stained,Friends,Wander Prints,60,484,2,"CA,US,AU",https://wanderprints.com/products/birth-flower-grow-an-old-friend-personalized-stained-glass-window-hanging-suncatcher-fl661nel2719,,,2025-04-07,https://www.facebook.com/ads/library/?active_status=all&ad_type=all&country=US&view_all_page_id=100254708876376,https://www.facebook.com/ads/library/?active_status=active&ad_type=all&country=US&q=birth%20flower%20grow%20an%20old%20friend&search_type=keyword_unordered&media_type=all,25.95,WP evergreen crawl 2026-08-04; 1 ad rec(s); backend great-family-shop
3,the love between mother daughters is forever personalized,Kids/Grandkids,Wander Prints,57,467,2,"CA,AU,US",https://wanderprints.com/products/the-love-between-mother-daughters-is-forever-personalized-flameless-led-candle-kk1117dil1420,,,2025-04-24,https://www.facebook.com/ads/library/?active_status=all&ad_type=all&country=US&view_all_page_id=100254708876376,https://www.facebook.com/ads/library/?active_status=active&ad_type=all&country=US&q=the%20love%20between%20mother%20daughters%20is&search_type=keyword_unordered&media_type=all,27.95,WP evergreen crawl 2026-08-04; 1 ad rec(s); backend great-family-shop
3,mother daughter son we love you mom 3d,Kids/Grandkids,Wander Prints,57,466,3,"CA,US,AU",https://wanderprints.com/products/mother-daughter-son-we-love-you-mom-3d-cartoon-personalized-window-hanging-suncatcher-ornament-ts747hal3279,,,2025-04-25,https://www.facebook.com/ads/library/?active_status=all&ad_type=all&country=US&view_all_page_id=100254708876376,https://www.facebook.com/ads/library/?active_status=active&ad_type=all&country=US&q=mother%20daughter%20son%20we%20love%20you&search_type=keyword_unordered&media_type=all,26.95,WP evergreen crawl 2026-08-04; 1 ad rec(s); backend great-family-shop
3,the dogfather personalized whiskey glass,Parents,Wander Prints,57,451,1,"AU,CA,US",https://wanderprints.com/products/the-dogfather-personalized-whiskey-glass-th024cla1021,,,2025-05-10,https://www.facebook.com/ads/library/?active_status=all&ad_type=all&country=US&view_all_page_id=100254708876376,https://www.facebook.com/ads/library/?active_status=active&ad_type=all&country=US&q=the%20dogfather%20personalized%20whiskey%20glass&search_type=keyword_unordered&media_type=all,29.95,WP evergreen crawl 2026-08-04; 1 ad rec(s); backend great-family-shop
3,custom photo human and pet faces gift for,Pets,Wander Prints,62,451,1,"AU,CA,US",https://wanderprints.com/products/custom-photo-human-and-pet-faces-gift-for-men-women-dog-and-cat-lovers-personalized-hawaiian-shirt,,,2025-05-10,https://www.facebook.com/ads/library/?active_status=all&ad_type=all&country=US&view_all_page_id=100254708876376,https://www.facebook.com/ads/library/?active_status=active&ad_type=all&country=US&q=custom%20photo%20human%20and%20pet%20faces&search_type=keyword_unordered&media_type=all,31.95,WP evergreen crawl 2026-08-04; 1 ad rec(s); backend great-family-shop
3,custom photo best dad ever coconut palm personalized,Parents,Wander Prints,62,451,2,"AU,CA,US",https://wanderprints.com/products/custom-photo-best-dad-ever-coconut-palm-personalized-hawaiian-shirt-kk890dil798,,,2025-05-10,https://www.facebook.com/ads/library/?active_status=all&ad_type=all&country=US&view_all_page_id=100254708876376,https://www.facebook.com/ads/library/?active_status=active&ad_type=all&country=US&q=custom%20photo%20best%20dad%20ever%20coconut&search_type=keyword_unordered&media_type=all,31.95,WP evergreen crawl 2026-08-04; 1 ad rec(s); backend great-family-shop
3,grandpa dad kids handprints personalized classic cap,Grandparents,Wander Prints,52,439,2,"US,NZ,AU",https://wanderprints.com/products/grandpa-dad-kids-handprints-personalized-classic-cap-nn452hel1081,,,2025-05-22,https://www.facebook.com/ads/library/?active_status=all&ad_type=all&country=US&view_all_page_id=100254708876376,https://www.facebook.com/ads/library/?active_status=active&ad_type=all&country=US&q=grandpa%20dad%20kids%20handprints%20personalized%20classic&search_type=keyword_unordered&media_type=all,29.95,WP evergreen crawl 2026-08-04; 1 ad rec(s); backend great-family-shop
3,beach you me and the dogs personalized window,Pets,Wander Prints,57,433,1,"AU,CA,US",https://wanderprints.com/products/beach-you-me-and-the-dogs-personalized-window-hanging-suncatcher-ornament-pt1627nel3004,,,2025-05-28,https://www.facebook.com/ads/library/?active_status=all&ad_type=all&country=US&view_all_page_id=100254708876376,https://www.facebook.com/ads/library/?active_status=active&ad_type=all&country=US&q=beach%20you%20me%20and%20the%20dogs&search_type=keyword_unordered&media_type=all,26.95,WP evergreen crawl 2026-08-04; 1 ad rec(s); backend great-family-shop
3,camping you me and the dogs 3d effect,Pets,Wander Prints,57,433,1,"CA,US",https://wanderprints.com/products/camping-you-me-and-the-dogs-3d-effect-personalized-doormat-at1679cin3445,,,2025-05-28,https://www.facebook.com/ads/library/?active_status=all&ad_type=all&country=US&view_all_page_id=100254708876376,https://www.facebook.com/ads/library/?active_status=active&ad_type=all&country=US&q=camping%20you%20me%20and%20the%20dogs&search_type=keyword_unordered&media_type=all,31.95,WP evergreen crawl 2026-08-04; 1 ad rec(s); backend great-family-shop
3,dog lovers i woof you personalized whiskey glass,Pets,Wander Prints,57,433,1,"CA,AU,US",https://wanderprints.com/products/dog-lovers-i-woof-you-personalized-whiskey-glass-gt737cin3397,,,2025-05-28,https://www.facebook.com/ads/library/?active_status=all&ad_type=all&country=US&view_all_page_id=100254708876376,https://www.facebook.com/ads/library/?active_status=active&ad_type=all&country=US&q=dog%20lovers%20i%20woof%20you%20personalized&search_type=keyword_unordered&media_type=all,29.95,WP evergreen crawl 2026-08-04; 1 ad rec(s); backend great-family-shop
3,i licked it so its mine personalized engraved,Couples,Wander Prints,57,405,2,"AU,US,CA",https://wanderprints.com/products/i-licked-it-so-its-mine-personalized-engraved-leather-belt-at1494cin3061,,,2025-06-25,https://www.facebook.com/ads/library/?active_status=all&ad_type=all&country=US&view_all_page_id=100254708876376,https://www.facebook.com/ads/library/?active_status=active&ad_type=all&country=US&q=i%20licked%20it%20so%20its%20mine&search_type=keyword_unordered&media_type=all,,WP evergreen crawl 2026-08-04; 1 ad rec(s); backend great-family-shop
3,making memories one campsite at a time personalized,Family,Wander Prints,57,397,2,"CA,AU,US",https://wanderprints.com/products/making-memories-one-campsite-at-a-time-personalized-decor-decal-ak1659nah4804,,,2025-07-03,https://www.facebook.com/ads/library/?active_status=all&ad_type=all&country=US&view_all_page_id=100254708876376,https://www.facebook.com/ads/library/?active_status=active&ad_type=all&country=US&q=making%20memories%20one%20campsite%20at%20a&search_type=keyword_unordered&media_type=all,,WP evergreen crawl 2026-08-04; 2 ad rec(s); backend great-family-shop
3,couple i love you every day personalized white,Couples,Wander Prints,57,155,1,"US,CA",https://wanderprints.com/collections/personalized-mugs/products/couple-i-love-you-every-day-personalized-white-edge-to-edge-mug-at2001cla2227,,,2026-03-02,https://www.facebook.com/ads/library/?active_status=all&ad_type=all&country=US&view_all_page_id=100254708876376,https://www.facebook.com/ads/library/?active_status=active&ad_type=all&country=US&q=couple%20i%20love%20you%20every%20day&search_type=keyword_unordered&media_type=all,,WP evergreen crawl 2026-08-04; 1 ad rec(s); backend great-family-shop
3,brothers a bond that cant be broken personalized,Couples,Wander Prints,57,147,1,US,https://wanderprints.com/products/brothers-a-bond-that-cant-be-broken-personalized-stemless-wine-glass-tu271dsr678,,,2026-03-10,https://www.facebook.com/ads/library/?active_status=all&ad_type=all&country=US&view_all_page_id=100254708876376,https://www.facebook.com/ads/library/?active_status=active&ad_type=all&country=US&q=brothers%20a%20bond%20that%20cant%20be&search_type=keyword_unordered&media_type=all,,WP evergreen crawl 2026-08-04; 1 ad rec(s); backend great-family-shop
3,this grandpa dad belongs to kids pet personalized,Grandparents,Wander Prints,57,147,1,US,https://wanderprints.com/products/this-grandpa-dad-belongs-to-kids-pet-personalized-classic-cap-nv1479cla2290,,,2026-03-10,https://www.facebook.com/ads/library/?active_status=all&ad_type=all&country=US&view_all_page_id=100254708876376,https://www.facebook.com/ads/library/?active_status=active&ad_type=all&country=US&q=this%20grandpa%20dad%20belongs%20to%20kids&search_type=keyword_unordered&media_type=all,,WP evergreen crawl 2026-08-04; 1 ad rec(s); backend great-family-shop
3,i am kind i am smart personalized teddy,Kids/Grandkids,Wander Prints,60,144,4,"US,AU,CA",https://wanderprints.com/products/i-am-kind-i-am-smart-personalized-teddy-bear-ti297cla2549,,,2026-03-13,https://www.facebook.com/ads/library/?active_status=all&ad_type=all&country=US&view_all_page_id=100254708876376,https://www.facebook.com/ads/library/?active_status=active&ad_type=all&country=US&q=i%20am%20kind%20i%20am%20smart&search_type=keyword_unordered&media_type=all,,WP evergreen crawl 2026-08-04; 1 ad rec(s); backend great-family-shop
3,custom photo senior graduation personalized stoles,Graduate,Wander Prints,55,143,1,US,https://wanderprints.com/products/custom-photo-senior-graduation-personalized-stoles-ts754cla855,,,2026-03-14,https://www.facebook.com/ads/library/?active_status=all&ad_type=all&country=US&view_all_page_id=100254708876376,https://www.facebook.com/ads/library/?active_status=active&ad_type=all&country=US&q=custom%20photo%20senior%20graduation%20personalized%20stoles&search_type=keyword_unordered&media_type=all,,WP evergreen crawl 2026-08-04; 1 ad rec(s); backend great-family-shop
3,graduation motivation god has great plans for you,Graduate,Wander Prints,50,143,1,US,https://wanderprints.com/products/graduation-motivation-god-has-great-plans-for-you-personalized-ring-dish-tg298cla2478,,,2026-03-14,https://www.facebook.com/ads/library/?active_status=all&ad_type=all&country=US&view_all_page_id=100254708876376,https://www.facebook.com/ads/library/?active_status=active&ad_type=all&country=US&q=graduation%20motivation%20god%20has%20great%20plans&search_type=keyword_unordered&media_type=all,,WP evergreen crawl 2026-08-04; 1 ad rec(s); backend great-family-shop
3,my favorite peeps call me grandma personalized womens,Grandparents,Wander Prints,57,140,3,"AU,CA,US",https://wanderprints.com/products/my-favorite-peeps-call-me-grandma-personalized-womens-sleep-tee-ak1994nah5663,,,2026-03-17,https://www.facebook.com/ads/library/?active_status=all&ad_type=all&country=US&view_all_page_id=100254708876376,https://www.facebook.com/ads/library/?active_status=active&ad_type=all&country=US&q=my%20favorite%20peeps%20call%20me%20grandma&search_type=keyword_unordered&media_type=all,,WP evergreen crawl 2026-08-04; 3 ad rec(s); backend great-family-shop
3,so many books so little time personalized pocket,Self/Hobby,Wander Prints,57,140,1,"CA,AU,US",https://wanderprints.com/products/so-many-books-so-little-time-personalized-pocket-pillow-gt923cin4275,,,2026-03-17,https://www.facebook.com/ads/library/?active_status=all&ad_type=all&country=US&view_all_page_id=100254708876376,https://www.facebook.com/ads/library/?active_status=active&ad_type=all&country=US&q=so%20many%20books%20so%20little%20time&search_type=keyword_unordered&media_type=all,,WP evergreen crawl 2026-08-04; 1 ad rec(s); backend great-family-shop
3,custom photo she came she saw she mastered,Graduate,Wander Prints,58,140,1,"AU,US",https://wanderprints.com/products/custom-photo-she-came-she-saw-she-mastered-personalized-ring-dish-ym150ima027,,,2026-03-17,https://www.facebook.com/ads/library/?active_status=all&ad_type=all&country=US&view_all_page_id=100254708876376,https://www.facebook.com/ads/library/?active_status=active&ad_type=all&country=US&q=custom%20photo%20she%20came%20she%20saw&search_type=keyword_unordered&media_type=all,,WP evergreen crawl 2026-08-04; 1 ad rec(s); backend great-family-shop
3,custom photo pencil sketch art a true friendship,Friends,Wander Prints,65,140,2,US,https://wanderprints.com/products/custom-photo-pencil-sketch-art-a-true-friendship-is-a-journey-without-an-end-personalized-crystal-globe-lamp-ts1043cla2510,,,2026-03-17,https://www.facebook.com/ads/library/?active_status=all&ad_type=all&country=US&view_all_page_id=100254708876376,https://www.facebook.com/ads/library/?active_status=active&ad_type=all&country=US&q=custom%20photo%20pencil%20sketch%20art%20a&search_type=keyword_unordered&media_type=all,,WP evergreen crawl 2026-08-04; 2 ad rec(s); backend great-family-shop
3,this grandma belongs to kids pet biscuits personalized,Grandparents,Wander Prints,57,140,1,"AU,CA,US",https://wanderprints.com/products/this-grandma-belongs-to-kids-pet-biscuits-personalized-womens-sleep-tee-kk1483nah5608,,,2026-03-17,https://www.facebook.com/ads/library/?active_status=all&ad_type=all&country=US&view_all_page_id=100254708876376,https://www.facebook.com/ads/library/?active_status=active&ad_type=all&country=US&q=this%20grandma%20belongs%20to%20kids%20pet&search_type=keyword_unordered&media_type=all,,WP evergreen crawl 2026-08-04; 1 ad rec(s); backend great-family-shop
